"Spell name";"School
(optional)";"Keywords:";"Sorcerous
Empowerment
level";"Casting Roll:";"Range:";"Duration:";"Description";"Statistics";"Author";"Full cost:";"Low mana effect";"flannan
approved";"Void
approved";"Aнтон Орлов
approved";"Correlion Approved"
"Summon Shade";" Darkness";"Summon";1;"None.";"Near caster";;"Волшебник вызывает Shade (см. шаблон Shade) на примерно 50% своих очков. Вызов автоматически успешен, и Shade будет подчиняться приказам хозяина, однако она сочетает четкое следование букве приказа и лютую ненависть ко всему живому, и обратится против вызывающего при первой удобной возможности.";"Ally (Shade, 50% of your points +2, Summonable, 100%; Minion, +50%; Unwilling, -50%: Appears constantly, x4)";"VoidDragon";15;"Бросок на появление 12 или меньше.";;;;
"Shield of Darkness";" Darkness";"Self-Buff";2;"None.";"Self only";"Indefinite";"Волшебник призывает силы тьмы защитить его, и они застилают глаза любому желающему причинить ему вред. Любой, кто хочет направить атаку на волшебника, нацеливая ее зрением, автоматически получает -10 к броску. Существа, полагающиеся на иные чувства, нежели обычное зрение, штрафа не терпят.";"Obscure 10 (Defensive +50%, Anti-Targeting -20%, Sorcery -15%)";"VoidDragon";23;"-5 к броску вместо -10.";;;;
"Arctic Stream";"Air (Cold)";"Jet, Obvious";1;"None. Use Innate Attack (Beam) to hit.";"10 yards.";"Instant";"Stream of freezing air shoots out of your hand which can strike any target up to 10 yards away without range or speed penalties. It can not be blocked or parried, only dodged. If the target takes damage they must roll vs HT at -1 per 2 points suffered, failure ""freezes"" them in place for (20 - HT) minutes. Damage suffered from this attack can only be recovered by getting warmth.";"Fatigue Attack (Increased Range 1/2D, ×2, +5%; jet, +0%; Freezing, +20%; Sorcery, -15%)";"zoncxs";"11 points/level.";;;1;1;1
"Feather's Fall";"Air, Protection, Movement";"Buff";2;"Buff";"Speed/Range Table";"3 minutes";"Волшебник дает цели возможность падать легко, как перышко. Он может кастовать этот спелл на себя и на других.";"Affliction 1 (Advantage 14; Gliding Flight +140%; Fixed Duration +0%; Increased 1/2D x10 +15%; No Signature +20%; Sorcery -15%)";"VoidDragon";26;"1.5 минуты";;;;
"Breathe underwater";"Air, Water";"Buff";2;"Buff";"Speed/Range Table";"30 minutes";"Колдун создает сферу с воздухом, позволяющую цели дышать 30 минут под водой";"Affliction 1 (Advantage 10; Doesn’t Breathe(Gills, -50%), +100% Fixed Duration +0%; Increased 1/2D x10 +15%; No Signature +20%; Sorcery -15%; 10x duration, +40% )";"Correlion";26;"1.5 минуты";;;;1
"Shapeshifting";"Animal";"Shapeshifting";1;"None";"self";"Indefinite";"Кастер превращается в какое-нибудь животное (выберите конкретное животное при изучении заклинания). Колдовать в новой форме нельзя, если у вас нет возможности поддерживать несколько разных заклинаний. Дешёвая альтернатива полноценному полёту, если это летающее животное. Превращение по-прежнему требует 10 секунд, а не одну. С собой можно взять до Средней нагрузки вещей, чтобы не появляться на новом месте голым.";"Alternate Form ([choose an animal], Absorptive Change (Medium),+15%, Sorcery,-15%)";"flannan";15;;;;;
"Speak with Animals";"Animal";"Self-Buff";2;"None";"Self";"Indefinite";"This allows the sorcerer to converse with an animal. Note that the quality of the conversation depends strongly on the IQ of said animal – an ant rarely makes for a spiritual conversation. It takes one minute to ask one question and get an answer – if the animal decides to talk.";"Speak with Animals (Sorcery, -15%) ";"Anders
(edited)";22;;;;;
"Sticky Thread";"Animal  (Spider)";"Binding ";2;"Innate Atack to hit; Quick Contest of ST or Escape skill to break up";"Speed/Range Table";"Until break free";"Волшебник запутывает одного противника клейкой паутиной. Это дальнобойняя атака с 1/2D –, Max 100, Acc 3, RoF 1, Shots
N/A, and Recoil 1. Противник должен вырываться из захвата с силой 12. Паутина повреждается лишь рубящим или сжигающим уроном и остается в гексе 10 секунд даже после того, как ее разорвали.";"Binding 12 (Only Damaged by Burning or Cutting +20%; Sticky +20%, Sorcery -15%)";"VoidDragon";30;"-5 к силе Binding, паутина держится лишь 2 секунды.";;;;
"Web";"Animal  (Spider)";"Binding ";4;"Innate Atack to hit; Quick Contest of ST or Escape skill to break up";"Speed/Range Table";"Until break free";"Волшебник запутывает всех вокруг и внутри одного гекса клейкой паутиной. Это дальнобойняя атака с 1/2D –, Max 100, Acc 3, RoF 1, Shots N/A, and Recoil 1. Противник должен вырываться из захвата с силой 12. Паутина повреждается лишь рубящим или сжигающим уроном и остается в гексе 10 секунд даже после того, как ее разорвали.";"Binding 12 (Only Damaged by Burning or Cutting +20%; Area Effect, 2 yards +50%; Sticky +20%, Sorcery -15%)";"VoidDragon";42;"-5 к силе Binding, паутина держится лишь 2 секунды.";;;;
"Butterfly Cloud";"Animal (Flies)";"Blocking";4;"3+BS+(Talent/2) to defend.";"Self only";"Momentary";"В момент, когда кто-то бьет волшебника, он превращается в облако бабочек и избегает урона.";"Injury Tolerance (Diffuse, Active Defence, -40%, Sorcery -15%). Requires Accelerating Casting (P3-82).";"VoidDragon";45;"-5 к броску срабатывания";;;;
"Blood Shield II";"Blood";"Shapeshifting";1;"None";"Self only";"Indefinite";"Кровь покрывает все тело колдуна (закрывая глаза и уши!) создавая щит, который поглощает урон. 
Заклинание расходует кровь колдуна при наложении, что не только тратит HP, но и делает его уязвимым к яду.
Если DR заканчивается - заклинание обваливается, и не может быть активировано повторно 24 часа.";"Damage Resistance 16 (Force Field, +20%, Semi-Ablative, -20%, Tough Skin, -40%, Costs 1 HP to activate, -10%, Temporaty Disadvantage: Hard of hearing, -10%, Colorblindness, -10%, Sorcery, -15%)";"flannan";16;;;;;
"Blood Mastery";"Blood";"Self-Buff";1;"None";"Self only";"Indefinite";"Выпив крови противника, маг крови усиляет свою магию против него и получает +1 ко всем броскам спеллов против своего противника. Мастер не должен позволять покупать это преимущество до того, как маг выпил крови.";"Sorcery Talent 1 (Only on one person, -80%; Only on creatures with blood, -20%)";"VoidDragon";"2 per level";;;;;
"Detect Blood";"Blood";"Self-Buff";2;"None";"Self only";"Instant";"Маг крови концентрируется и ощущает теплокровную жизнь вокруг себя.";"Detect (Blood Sorcery, -20%; Creatures with blood, +30)";"VoidDragon";24;;;;;
"Weaken Blood";"Blood";"Resisted";2;"QC of Will vs. HT";"Speed/Range Table";"Momentary";"Маг крови ослабляет кровь противника, делая кровотечения серьезнее и быстрее.";"Affliction 1 (Disadvantage 30; Hemophilia +30%; Malediction 2 +150%; Blood Sorcery -20%; Only on creatures with blood, -20%)";"VoidDragon";24;;;;;
"Blood Shield";"Blood";"Self-Buff";3;"None";"Self only";"Indefinite";"Кровь покрывает все тело колдуна(корме глаз и ушей) создавая щит, который может поглотить урон, однако колдун всеравно чувстует боль, если нанести достаточно повреждений пробив защитное поле заклинания. Заклинание расходует кровь колдуна при наложении";"(Damage reistance 2(Force Field, +20% ) ; 20 HP ;  Sorcery, -15%; Costs HP, -10%)";"Correlion";39;"half of health pool and DR";1;1;;
"Purge";"Blood";"Resisted";3;"QC of Will vs. HT";"Speed/Range Table";"Momentary";"Люди в восьми ярдах вокруг мага крови начинают блевать кровью и подыхать. Маг крови может выбирать, кому становится плохо.";"Innate Attack 2 (Blood Sorcery, -20%; Only on creatures with blood, -20%; Malediction 2, +150%; Reverse Blood Agent; must bleed, -20; Area Effect, 8 yards, +150%; Side Effect, Retching, +100%; Emanation, -20%; Based on HT, +20%; Selective Area, +20%)";"VoidDragon";37;;;;;
"Vampiric Weapon";"Blood";"Weapon Buff";3;"None";;"3 minutes";"Маг крови смазывает свое оружие своей кровью, давая ему способность пить чужую кровь и передавать ее владельцу.";"Affliction 1 (Advantage 27; Vampiric Weapon +270%; Fixed Duration +0%; Increased 1/2D x10 +15%; No Signature +20%; Blood Sorcery -20%; Weapons Only, -20%; Reverse Blood Agent; must bleed, -20%; Only on creatures with blood, -20%)";"VoidDragon";35;;;;;
"Improved Detect Blood";"Blood";"Self-Buff";5;"None";"Self only";"Instant";"Как Detect Blood, но при успешном Sense roll может также сказать точное расстояние.";"Detect (Blood Sorcery, -20%; Precise, +100%; Only on creatures with blood, +30)";"VoidDragon";54;;;;;
"Blood Form";"Blood";"Self-Buff";7;"None";"Self only";"Indefinite";"Маг крови наносит себе глубокую рану и становится живой каплей крови. Он не теряет возможности использовать предметы, и теперь может просачиваться через трещины и дырки.";"Injury Tolerance (Diffuse, +100; Blood Sorcery, -20%; Spend 4 HP; 1 from Blood Sorcery and 3 additional, -40%; Infiltration, +40%)";"VoidDragon";80;;;;;
"Drink Blood";"Blood";"Resisted";7;"QC of Wills";"-1 per yard";"Momentary";"Маг крови высасывает кровь из противников на расстоянии, восстанавливая свое собственное здоровье.";"Leech 3 (Blood Sorcery, -20%; Accelerated Healing, +25%; Only on warm-blooded creatures, -20%; Ranged and Malediction, +140%)";"VoidDragon";75;;;;;
"Blood Sword";"Blood";"Binding ";"1 per level";"None";"Self only";"Indefinite";"Маг крови создает меч из собственной крови, наносящий sw+1d cut урона от скилла Broadsword.";"Cutting Melee Innate Attack (ST-based, +100%; Reverse Blood Agent; must bleed, -20%; Range 1, -25%)";"VoidDragon";"10 per additional dice of damage";;;;;
"Drink Knowledge";"Blood";"Self-Buff";"1 per level";"None";"Self only";"Indefinite";"Маг крови может использовать умения человека, чей крови выпил, и в последствии выучить их. Необходимо выпить полный рот крови.";"Innate Attack 2 (Blood Sorcery, -20%; Only on creatures with blood, -20%; Malediction 2, +150%; Area Effect, 8 yards, +150%; Need to drink a mouthful of blood, -20%; Emanation, -20%, Side Effect, Retching, +100%)";"VoidDragon";"9 per level";;;;;
"Blood Sword II";"Blood";"Binding ";"1 per level";"None";"Self only";"Indefinite";"Маг крови создает меч из собственной крови, наносящий +2 урона за дайс  от скилла Broadsword. с 10м делителем";"Natural Weapon (Impaling; Armor Divisor (2), +50%; Extra Damage Type, Cutting, +20%; 
Increased Damage, +2 per die, +120%; Resilient, Unbreakable, +40%; Swing-Capable, Cutting, +20%; 
Blood sorcery -20%)";"Correlion";;;;;;
"Shrink Enemy";"Body";"Resisted";1;"Quick Contest: Will vs. HT of target";"Speed/Range Table";"MoS in minutes";"Волшебник уменьшает противника в размерах: -2 to SM, -5 к ST, +1 к DX, +0.25 к Basic Speed, -2 к Move (темплат из Гулливера). Такие характеристики, как DR, HT, IQ и производные от них не меняются.";"Affliction 1 (Disadvantage 35; Size: Mini +35%; Malediction 2 +150%; Sorcery -15%)";"VoidDragon";27;"-5 заклинателю при QC.";;;;
"Body Heat";"Body";"Buff";;"None. Use Innate Attack (Gaze)";"Contact";"30 minutes";"Subject's body temperature always stays within their comfort range, regardless of clothing, as long as it doesn't deviate by more than HT×10 degrees Fahrenheit. This spell provides no protection against damaging spells of any kind.";"Statistics: Affliction 1 (Body Heat, +180%; Extended Duration, x10, +40%; Increased Range, ½D x10, +15%; Fixed Duration, +0%; No Signature, +20%; Sorcery, -25%; Touch-Based, -20%); Temperature Tolerance 10 (Cosmic: Affects Body Temperature, +100%; Magic, -20%) [18].";"Anders";"31 per level";;;;;
"Blood Boil";"Body Control, Harm, Blood";"Resisted";5;"Quick Contest: Will vs. HT of target";"Speed/Range Table";"Instant";"Волшебник заставляет кровь своей жертвы закипеть и взорваться. Цель бросает против HT или терпит Heart Attack. Когда/если цель умрет, то она взрывается: 6d¥(HP/10) cr exp.";"Affliction 1 (Disadvantage 15; Explosive +75%; Malediction 2 +150%; Heart Attack +300%, Cosmic (Target WILL explode if dies) +50%; Sorcery -15%)";"VoidDragon";59;"-5 заклинателю при броске.";;;;
"Косметическое превращение";"Body, Blood";"Shapeshifting";"1 / 2 / 3";"None";"Self only";"Indefinite";"Чародей превращается в подобие того, каплю крови кого он попробовал. Никаких расовых свойств он не получает - это косметическое превращение! Базовый уровень позоляет превращаться во всех, чья расовая стоимость меньше или равна стоимости чародея, второй уровень - до 50 очков больше, третий - до 100. Чародей может запомнить до ИН форм.";"Morph (Cosmetic, -50%, Needs Sample (капля крови), -15%, Sorcery, -15%)";"Ангон";"20/30/40";;;;;
"Tele-Speech (Buff)";"Communication";"Buff";4;"Will";"Long-distance";"MoS in minutes";"Чародей дает своему собеседнику возможность отвечать ему на протяжении нескольких минут (Величина успеха на броске Воли, с теми же модификаторами, что и на установление контакта). Цели это стоит 2ЕУ в минуту. Сама начинать дально-разговоры цель не может ";"Affliction 1 (Advantage: Telesend (Magery, -10%, 2FP per minute, -10%, Only answering, -20%), +180%, Malediction 3, +200%, Sorcery, -15%, Telecommunication, -20%).";"Ангон";45;"Половина времени";;;;
"Tele-Speech";"Communication";"Self-Buff";"2 / 3";"IN";"Long-distance";"Various";"Чародей может передавать свои мысли при успешном броске ИН со штрафами за Дальние расстояния (если не видит цель, ещё: -1 для близких друзей, -3 для хороших знакомых, -5 для  мало знакомых). Второй уровень позволяет передавать мысли всем, кому чародей захочет, в радиусе. Дально-речь стоит 1 ЕУ в начале каждой минуты, и еще 1 ЕУ в конце. Ответные мысли чародей не получает.";"Telesend (Sorcery, -15%, extra 1FP per minute, -5%) Второй уровень добавляет (Broadcast, +50%, Selectivity, +10%, Selective Effect, +20%)";"Ангон";"24 / 48";;;;;
"Create Animal";"Creation";"Summon";"1-4";"Frequency of Appearance";"1 yd";"indefinite";"Чародей создаёт животное (выбирается при изучении заклинания). Рекомендуются животные из ПФ5: Союзники, если чародей может себе их позволить.
Союзник на 50% очков и 12 или меньше частоты появления стоит 10 очков, более слабых союзников можно даже сымпровизировать.";"Ally ([some]% points, frequency of appearance, Conjured, +100%, Minion, +50%, Sorcery, -15%)";"flannan";"varies";"-5 к броску появления";;;;
"Undo Petrification";"Earth (Stone)";"Resisted";1;"Thaumatology";"Touch";"Instantaneous";"This spell can restore any person who has been petrified by, e.g., a basilisk or a medusa, to its original state. You must win a Quick Contest of Will vs. the creature who originally petrified the person. ";"Neutralize (Petrification power; Interruption, -50%; Sorcery, -15%) [13]";"Anders
(edited)";18;;;;;
"Passion";"Emotion Control, Love";"Resisted";2;"QC your Magic Doll vs.
your subject’s Will";"Long-distance";"Permanent, can be broken";"Чародей заставляет жертву полюбить себя или кого-то еще (жертва должна быть той же расы, но противоположного пола относительно как чародея, так и заказчика). Для заклинания нужна прядь волос жертвы, капля крови заказчика и 1 фунт девственного воска - специальной магической субстанции, из которых чародей создает магическую куклу броском соответствующего Умения и с применением соответствующего оборудования и воздействует на нее, сжигая на заговоренном огне, жертва сопротивляется Волей. При успехе чародея жертва становится рассеянной, избегает людей и страдает от бессонницы, все время думая о том, страсть к кому вызвал чародей. Конкретная цель жертвы зависит от ее воспитания и характера - благонравная девушка может хотеть выйти замуж, менее благонравная - стать любовницей. После достижения цели жертвы заклинание развеевается, также заклинание можно развеять с помощью заклинания Снять Проклятие или поцелуя того, кто на самом деле любит жертву. ";"Affliction 1 (Disadvantages:Absent-Mindedness, -15, Severe Insomniac, -15, Loner (6), -10, Obsession (varies), -10), +50%,  Malediction 3, +200%, Extended Duration, Постоянно (до выполнения цели, может быть снято заклинанием Снять Проклятие) + 150%, Immediate Preparation Required, 1 hour, -75%, Requires Magic Doll Roll, -5%, Requires Magic Doll Equipment, -10%, Only on the same race, -20%, Only on opposed sex, -20%, Trigger, капля крови чародея/заказчика, -15%, Trigger, прядь волос цели, -15%,Trigger, девственный воск, -20%, Заклинание развеевается от поцелуя того, кто действительно любит жертву заклинания, -5%, Sorcery, -15%).";"Ангон";30;"-5 к броску";;;;
"Rapport of Blood";"Empathy, Blood";"Self-Buff + Buff";1;"IQ";"Touch";;"Чародей получает Связь с одним конкретным живым существом. Для этого требуется обменяться каплями крови (выпить или прижать рану к ране), одноминутный ритуал, бросок ИН и затрата 1ЕУ. Цель должна быть добровольной или беспомощной. После этого чародей всегда знает, если цель попадает в беду, терпит боль, лжет, или нуждается в помощи. Броска ИН не нужно, ЕУ тоже не тратятся. Чародей может как позволять цели чувствовать то же самое относительно себя, так и не позволять. Связь существует до тех пор, пока не будет создана новая. Также, если это заклинание не выкуплено полностью, она распадется при сотворении любого другого заклинания, поэтому рекомендуется выкупить это заклинание полностью.";"Special Rapport (Transferable, every living being, +150%, One-Way, +20%, Selectivity, +10%, Только на добровольную или беспомощную цель, -50%, Sorcery, -15%, Trigger, капли крови чародея и цели, должны обменяться, -15%)";"Ангон";10;"-5 к броску ИН";;;;
"Curse";"Fate, Luck";"Resisted";4;"Quick contest of Wills.";"Speed/Range Table";"Permanent";"Волшебник громко проклинает свою цель. Если выигрывает в Quick Contest, то цель проклята и все, что может пойти плохо - пойдет плохо.  Единственный способ снять заклинание - Remove Curse или его эквивалент.";"Affliction 1 (Disadvantage 75; Cursed +75%; Malediction 2 +150%; Extended Duration: Permanent (Can be removed with Remove Curse +150%, Based on Will +20%; Loud Cursing, -10%; Sorcery -15%)";"VoidDragon";47;"-5 заклинателю при QC.";;;;
"Ruin";"Fate, Luck";"Resisted";"2+";"QC of Wills";"-1 per yard";"Permanent";"Чародей проклинает цель (он должен видеть ее, а цель - его слышать), и та начинает терять деньги и имущество: дом горит, скот поражает мор, деньги крадут воры, корабль с товарами тонет... В конце концов цель становится нищей и теряет все свое имущество. Эти события не должны нести опасности для жизни и здоровья цели, только для ее имущества. Это заклинание - типичная порча и может быть снято вмешательством другого волшебника. Кроме того, если цель сопротивлялась заклинанию успешно, чародей получает кумулятивные -2 при повторных попытках наложить Разорение на ту же цель.Первый уровень заклинания позволяет накладывать Разорение на всех, кроме мультимиллионеров, каждый следующий позволяет разорять 2 уровня мультимиллионеров.";"Affliction 1 (Disadvantage:Dead Broke, +25%, + Negated Advantage: Filthy Rich, +50%, Permanent (снимается заклинаниями типа ""снять проклятие""), +150%, Malediction 1, +100%, Low
Signature, +10%, Preparation Required, 1 hour, -50%, Hearing-Based, -20%, Vision-Based, Reversed, -20%, Increased Immunity (Permanent, cumulative -2), -30%, Sorcery, -15%) Каждый следующий уровень добавляет Negated Advantage: 2 levels Multimillionaire, +50% ";"Ангон";"30, +5 per level 2+";"-5 к броску";;;;
"Lingering flame";"Fire";"Missile, Obvious.";1;"None. Use Innate Attack (Projectile) to hit.";"10 yards";"Delayed Trigger, Instantaneous.";"An explosive fireball that floats in place until someone comes within 1 yard of it, then it explodes covering a 2 yard radius. It explodes by itself after 5 seconds. It has a 2 second delay after casting before it can explode. ";"Burning Attack (Area Effect, 2 yards, +50%; Delay, 2 seconds, +0%; Increased 1/2D x10, +15%; Reduced Range 1/10, -30%; Triggered Delay, someone comes within 1 yard of the center or 5 seconds pass, +50%; Sorcery, -15%)";"zoncxs";"8.5 per level";;;;;
"Blast of Fire";"Fire";"Missile";2;"Innate Atack (Projectile) to hit";"Speed/Range Table";"Instant";"Волшебник бросает взрывающийся огненный шар. 3d burn урона цели, все поблизости получают урон/2x дистанции в ярдах.";"Innate Burning Attack 3 (Explosion 2 +100%)";"VoidDragon";28;"Половина урона";;;;
"Зелёное пламя";"Fire";"Missile, leveled";"varies";"Innate Attack (Projectile) to hit";"ranged";"Instant";"Неестественное пламя зелёного цвета, способное разрушить почти всё. Можно использовать в нелетальном виде, уничтожая только броню противника.";"IA corr (Regulatable Limitation: No Wounding, +5%, Affects Insubstantial, +20%, Sorcery, -15%) ";"flannan";"11/level";"половинные повреждения";;;;
"Hungry Fire";"Fire";"Area";"1+";"IA (Gase) +4 за атаку в клетку to hit";"Speed/Range Table";"10 seconds";"Чародей смотрит на область, и на ней вспыхивает пламя радиусом 2 ярда, наносящее 1к повреждений за уровень. После этого пламя существует 10 секунд. После того, как пламя подожгло все, что находится в этих клетках, оно движется к ближайшей цели, которую можно поджечь: бросайте против 14 со штрафом за расстояние. При успехе, огонь движется к цели со скоростью 1 ярд в секунду, при провале - остается на месте. Если на равном расстоянии от огня есть несколько воспламеняемых целей, огонь движется к большей, если они одинаковые - определите цель броском кубика. Врагов от союзников огонь не отличает.  Огонь существует 10 секунд, после чего потухает.";"IA burning (Area Effect, 2 ярда +50%, Mobile, +40%, Persistent, +40%, Homing (Detect, Воспламеняемое) +80%, Accurate, +5%, Sorcery, -15%).";"Ангон";"15 за уровень";"Половинный урон";;;;
"Blink";"Gates";"Blocking";1;"3+BS+(Talent/2) to defend.";"1-10 yards";"Momentary";"Волшебник телепортируется, избегая угрозы, в случайное место в радиусе 10 ярдов.";"Warp (Blink Only -60%, Active Defence -40%, Extra Carrying Capacity, Up to Heavy Encumbrance, +30%, Sorcery -15%). Requires Accelerating Casting (P3-82).";"VoidDragon";20;"-5 к броску активной защиты.";;;;
"Gates of Home";"Gates";"Warp";1;"Symbol Drawing to create, IQ+2 to warp";"Warp modifiers, max 100 miles";"Permanent, can be broken";"Чародей создает Врата Дома с помощью ритуала, занимающего 1 минуту и требующего броска Рисования Символов. Врата Дома могут быть разрушены, и тогда чародей не сможет ими воспользоваться. Впоследствии чародей может телепортироваться, оказавшись в созданных им Вратах Дома, с помощью успешного броска ИН+2 с модификаторами из Warp. Чародей тратит 2 ЕУ на телепортацию, каждая дополнительная потраченная ЕУ дает дополнительный +1 к броску. Чародей не может телепортироваться, если он в Средней или более тяжелой нагрузке, а также если Врата Дома находятся от него на расстоянии более 100 миль.";"Warp (Extra Carrying Capacity, light, +10%, Reliable, +2, +10%, Anchored (как на -50%, но требует броска Рисования Символов и может быть разрушено), -60%, Range Limit, 100 miles, -20%, Sorcery, -15%, extra 1FP, -5%)";"Ангон";20;"-5 к броску ИН, расстояние не более 50 миль";;;;
"Gate Hound";"Gates";"Warp";"4+";" IQ+4 to warp";"Warp modifiers";;"Чародей преследует телепортировавшуюся цель. Он должен бросать ИН+4, с теми же штрафами за расстояние, что и преследуемый. Модификаторы за время подготовки чародею недоступны, но модификаторы за время отправления преследуемого применяются с обратным знаком: если ппреследуемый отправился тольо что, преследователь получает +10, а если телепортация была совершена восемь часов назад –штраф -10. За каждое дальнейшее удвоение времени –еще по -1. Если из одной точки отправлялись несколько раз, вы можете преследовать только последнего. Преследователь должен преуспеть на броске ИН при телепортации сильнее, чем преследуемый. Успех означает, что вы появляетесь в точке выхода… даже если отслеживаемый телепорт пострадал от эффекта критической ошибки или дрейфа. Если в Быстром Состязании победил преследуемый, то преследователь появляется на расстоянии (MoS преследуемого)% дистанции от него. Провал при броске означает, что телепортации не происходит, а критический провал приводит к телепортации в любое другое место по решению Мастера. Чародей тратит минимум 2ЕУ, и может потратить еще по 1ЕУ за +1 к броску. Каждый следующий уровень позволяет взять с собой одного добровольного спутника, потратив на это 1 маневр Подготовки и коснувшись его рукой.";"Warp (Extra Carrying Capacity, medium, +20%, Reliable, +4, +20%, Tracking Only, -60%, QC to pursued IQ roll, -10%, Sorcery, -15%, extra 1FP, -5%). Каждый следующий уровень дает один уровень Affects Others, +50%.";"Ангон";"50 + 50 per level";"-5 к броску ИН";;;;
"Second Chance";"Healing";"Buff";3;"Buff";"Speed/Range Table";"3 minutes";"Волшебник наполняет союзников или себя энергией жизни, давая мощный внутренний резерв. Если обкастованный проваливает свой бросок HT на то, чтобы остаться в живых, вместо этого он попросту теряет сознание и выбывает из боя, но не умирает.";"Affliction 1 (Advantage 25; Extra Life 1 +250%; Fixed Duration +0%; Increased 1/2D x10 +15%; No Signature +20%; Sorcery -15%)";"VoidDragon";37;"1.5 минуты";;;;
"Heal Self";"Healing";"Shapeshifting";4;"None";"self";"Indefinite";"Пока это заклинание активно, чародей восстанавливает 1 HP в минуту";"Regeneration (Fast, Sorcery, -15%)";"flannan";43;"уменьшить скорость восстановления до 1 HP/час";;;;
"Говорящие Слюни";"Illusion";;2;"None";;;"Чародей плюёт (маневр Концентрации) и создает звуковую Иллюзию, которая имеет ИН и Умения чародея. Для поддержания иллюзии концентрация не нужна. Броски на обнаружение иллюзии делаются от лучшего из ИН и Восп., с -2.";"Illusion (Initiative, +100%, Auditory Only, -70%, Sorcery, -15%, Нужно плюнуть, -5%, Reliable, +2, +10%)";"Ангон";30;;;;;
"Circle of oblivion";"Knowledge";"Area";3;"Symbol Drawing ";"2-yard radius circle";"MoS in minutes";"Чародей рисует магический круг радиусом не более двух ярдов (это требует секундной Подготовки, подходящих условий и инструментов и броска Рисования Символов). Все, кто находятся вне этого круга, забывают обо всем, что находится внутри круга. Если они намеренно пытаются вспомнить, они кидают ИН-10. Круг действует Величину Успеха на броске Рисования Символов минут.";"Obscure 10: Memory (Defensive, +50%, Affects (Defends) Others, +50%, Force Field, +20%, Takes Extra Time, -10%, Symbol Drawing (magic circle), -20%, Sorcery, -15%)";"Ангон";35;"-5 к броскам на вспоминание.";;;;
"Memory Gap";"Knowledge";"Resisted";3;"Quick Contest: your IQ vs.
your subject’s Will";"Long-distance";"Until special condition";"Чародей проводит ритуал, который заставляет цель ритуала забыть о чем-то важном. Это могут быть Недостатки цели (Иждивенцы, Враги, Цель - все, что разрешит Мастер) ценой не более -30 очков, Преимущества ценой не более 30 очков или любая важная, но не жизненно необходимая информация. Цель полностью забывает об этом до тех пор, пока снова не столкнется с тем, о чем забыла - тогда она все вспоминает.";"Affliction 1 (Disadvantage: Partial Amnesia, +10%, Extended Duration, Permanent (пока вновь не столкнется с тем, о чем забыл), +150%, Malediction 3, +200%, Imediate Preparation Required, 1 hour, -75%, Trigger, прядь волос цели, -15%,  Sorcery, -15%, Roll IQ instead of Will, -5%)";"Ангон";35;"-5 к броску";;;;
"Annihilating Weapon";"Making and Breaking (?)";"Weapon Buff";3;"None. Use Innate Attack (Gaze) to aim.";"100 yards.";"Three minutes.";"The weapon enhanced gains the destructive enhancement for parrying purposes. Roll its damage normally and apply it to the parrying weapon or body part.";"Affliction 1 (HT; Accessibility, Only on weapons, ‑20%; Advantage, Annihilating Weapon, +260%; Fixed Duration, +0%; Increased 1/2D, 10¥, +15%; No Signature, +20%; Sorcery, ‑15%)";"zoncxs";36;;;;;
"Bikini Armor II";"Making and Breaking, Gate";"Buff";"2+";"Buff";"Speed/Range Table";"2 days";"Убирает видимость брони и её массу в подпространство, оставляя её защитные свойства. Сочетайте в себе лучше свойства легкобронированного и тяжелобронированного воина! 
Работает на броню, которая не толще (в максимальных DR), чем уровень этого заклинания (в фентези рекомендуется взять хотя бы 10). Компенсация массы определяется уровнем заклинания и силой цели, при уровне 10 компенсирует до BL брони.";"Affliction 1 (Advantage: Payload, exposed, armor DR gets ""low ignature"" enhancement, +10% per level; Fixed Duration +0%; Increased Duration, 1000x, +120%; Increased 1/2D x10 +15%; No Signature +20%; Sorcery -15%;)";"flannan";"24+1/level";"компенсация массы перестаёт работать.";;;;
"Bikini Armor III";"Making and Breaking, Gate";"Buff";"3+";"Buff";"Speed/Range Table";"2 days";"Пререквизит: Fashion Sense.
Убирает видимость брони и её массу в подпространство, оставляя её защитные свойства. Результат эстетически приятен, и даёт +2 к реакциям, если вас видят.
Работает на броню, которая не толще (в максимальных DR), чем уровень этого заклинания (в фентези рекомендуется взять хотя бы 10). Компенсация массы определяется уровнем заклинания и силой цели, при уровне 10 компенсирует до BL брони.";"Affliction 1 (Advantage: Charisma+2 (vision-based, -20%), +80%, Payload, exposed, armor DR gets ""low ignature"" enhancement, +10% per level; Fixed Duration +0%; Increased Duration, 1000x, +120%; Increased 1/2D x10 +15%; No Signature +20%; Sorcery -15%;)";"flannan";"32+1/level";"уполвинивается бонус к реакциям, компенсация массы перестаёт работать.";;;;
"Bikini Armor I";"Making and Breaking, Illusion";"Buff";"2+";"Buff";"Speed/Range Table";"2 days";"Делает броню менее заметной, что помогает в социальных ситуациях. Работает на броню, которая не толще (в максимальных DR), чем уровень этого заклинания (рекомендуется взять хотя бы 10)";"Affliction 1 (Advantage: armor DR gets ""low ignature"" enhancement, +5% per level; Fixed Duration +0%; Increased Duration, 1000x, +120%; Increased 1/2D x10 +15%; No Signature +20%; Sorcery -15%;)";"flannan";"24+0.5/level";"половинные уровни эффекта.";;;;
"Personal Counterspells";"Meta-magic";"Blocking";1;"none. use active defences based on Thaumatology";"self";"maintained";"Чародей использует свои широкие познания в магии, чтобы сымпровизировать контр-заклинание на то, чем в него кинули. При успехе активной защиты от Тауматологии, любое resistable заклинание автоматически бессильно против цели.";"Immune (Magic, Very Common, Active Defence, -40%, Sorcery, -15%). Requires Accelerating Casting (P3-82).";"flannan";14;"-5 к броску срабатывания";;;;
"Lesser Invulnerability";"Meta-magic";"Self-Buff";3;"None";"Self only";"Indefinite";"Тело волшебника переполняется магическими энергиями, которые делают его намного менее уязвимым к обыденным опасностям. Весь урон от физических атак уполовинивается.";"Injury Tolerance (Damage Reduction 2, Physical Damage Only, -20%, Sorcery -15%)";"VoidDragon";33;;;;;
"Magic Shield (Buff)";"Meta-magic";"Buff";3;"Buff";"Speed/Range Table";"3 minutes";"Как Magic Shield, но теперь возможно кастовать на других.";"Affliction 1 (Advantage 24; Magic Shield +240%; Fixed Duration +0%; Increased 1/2D x10 +15%; No Signature +20%; Sorcery -15%)";"VoidDragon";38;"1.5 minutes";;;;
"Counterspells";"Meta-magic";"Blocking";4;"none. use active defences based on Thaumatology";"2 yards";"maintained";"Как Personal Counterspells, только защищает не только чародея, но и всех его друзей в радиусе 2 метров (врагов тоже можно защитить, но можно и не защищать - это активная защита). С другой стороны, если враг ближе - чародей не успеет его остановить.";"Immune (Magic, Very Common, Force Field, +20%, Affects Others, +50%, Area Effect (2 yards), +50%, Active Defense, -40%, Sorcery, -15%). Requires Accelerating Casting (P3-82).";"flannan";50;"-5 к броску срабатывания";;;;
"Magic Interruption Strike";"Meta-magic";"Resisted";4;"Quick Contest of Will vs the magic's caster";"follow-up";"Instant";"Эту способность активирует любой удар (в том числе простое прикосновение), пока эта способность готова. Этот удар должен попасть по магу или по его жертве, и в случае успеха в быстром состязании воли, одно заклинание (указанное чародеем) развеевается.";"Neutralize (Interruption, -50%; Follow-up: any attack, +50%, Sorcery,-15%)";"flannan";43;"-5 заклинателю при QC.";;;;
"Lesser Invulnerability (Buff)";"Meta-magic";"Buff";4;"Buff";"Speed/Range Table";"3 minutes";"Как Lesser Invulnerability, но теперь возможно кастовать на других.";"Affliction 1 (Advantage 33; Lesser Invulnerability +330%; Fixed Duration +0%; Increased 1/2D x10 +15%; No Signature +20%; Sorcery -15%)";"VoidDragon";47;"1.5 minutes";;;;
"Lesser Sphere of Invulnerability";"Meta-magic";"Self-Buff";6;"None.";"Self-only";"Indefinite";"Волшебник создает вокруг себя мощную сферу анти-магии, которая противодействует всем попыткам противников кастовать на него спеллы. Теперь все спеллы (даже наносящие дамаг или действующие по площади) должны вначале выиграть QC воли. +5 к сопротивлению заклинаниям, которые уже требуют бросать на QC.";"Static (Magic) (Resistible, -50%; Discriminatory, +150%, Sorcery, -15%, Force Field, +20%)";"VoidDragon";62;;;;;
"Lesser Sphere of Invulnerability (Buff)";"Meta-magic";"Buff";7;"Buff";"Speed/Range Table";"3 minutes";"Как Lesser Sphere of Invulnerability, но теперь возможно кастовать на других.";"Affliction 1 (Advantage 56; Lesser Sphere of Invulnerability +620%; Fixed Duration +0%; Increased 1/2D x10 +15%; No Signature +20%; Sorcery -15%)";"VoidDragon";74;"1.5 minutes";;;;
"Magic Signature Sniffer";"Meta-magic";"Information";"1-2";"Per.";"см. описание";"Instant";"Магический аналог псионической способности Signature Sniffer.
Штрафы по Speed-range (Б550) за расстояние, по Long-range (Б241, мили заменяются на дни) за время";"Detect (Magic Activity; Sorcery, -15%; Time-Spanning, Past Only, -0%; Vague, -50%) [4]. 
Further levels remove Vague [9], then add Precise, Nontargeting [18], and then Analyzing [28].";"flannan";"4/9/18/28";"уполовиньте уровни эффекта";;;;
"Magic missles";"Meta-magic";"Missle";"1+";"Taumatology. Use IA (Beams or Projectile) to hit.";"Speed/Range Table";"Instant";"Чародей создает снаряд из чистой магической энергии и может придать ему любую форму (доступны любые Улучшения вплоть до +15%, +5% дополнительно за каждый следующий уровень). Это  занимает одну дополнительную секунду и требует броска Тауматологии - при провале снаряд не получает никаких Улучшений. Также это стоит 2 ЕУ. После этого снаряд нужно запустить броском Природной Атаки (Лучи или Снаряд по мнению Мастера). Стоит отметить, что магическая энергия - это не огонь, поэтому она не может ничего поджечь, а также не наносит дополнительного урона существам, уязвимым к огню.";"Burning Attack 2d (Variable Enhancement, +150%, Missing Incendiary Effect, -10%, Sorcery, -15%, Requires Taumatology Roll, -10%, Takes Extra Time, 2 seconds, -10%, extra 1FP, -5%). Каждый следующий уровень добавляет по 50% Variable Enhancement.";"Ангон";"20 + 5 per level";"-5 к броску Тауматологии, 1 куб повреждений";;;;
"Mana Absorption";"Meta-magic";"Self-Buff";"1 / 2";"Taumatology";"Self";;"Успешный бросок Тауматологии, а также магические заклинания и жесты позволяет чародею ""поймать"" поток маны и начать поглощать магическую энергию. Во время поглощения маг должен находиться в Тотальной Концентрации, а кроме того он излучает легкое свечение. В это время чародей восстанавливает 1 ЕУ или ЭР в секунду (на втором уровне 10 ЕУ или ЭР в секунду). После того, как чародей прекратил поглощать ману, он переполняется маной и не может колдовать еще 2*секунд времени, которое он поглощал ману (минимум 10 секунд).";"Regeneration, Very Fast (Fatigue Only (только ЕУ и ЭР, потраченные на магию), +0%, Sorcery (необходимы слова и жесты, нельзя тратить ЕУ), -30%, Requires Taumatology Roll, -10%, All-Out Concentrate, -25%, Takes Recharge, *2, -10%, Nuisance Effect: Легкое свечение, -5%). Второй уровень дает Extreme Regeneration.";"Ангон";"20 / 30";"Регенерация в два раза медленнее";;;;
"Mana Blessing";"Meta-magic";"Buff";"2+";"Taumatology";"Touch";"MoS in half-hours";"Чародей дарует цели магическую энергию, коснувшись ее (необходим успешный бросок Тауматологии и минута подготовки). Цель получает 25 невосстанавливающихся очков ЭР за уровень заклинания. Эту энергию цель которые может потратить только на магию. Магическая энергия присутствует в цели на протяжении получаса за каждое очко успеха чародея на броске Тауматологии.";"Affliction 1 (Advantage 15 (Energy Reserve 25, Special Recharge, -70%, Magic, -10%) +150%, Malediction 1, +100%, Extended Duration, 30×, +60%, Immediate Preparation Required, 1 minute, -30%, Requires Taumatology Roll, -5%, Melee Attack, С, Cannot Parry, -35%, Contact Agent, -30%, Sorcery, -15%). Каждый следующий уровень дает еще 25 очков ЭР.";"Ангон";"30 + 15 за уровень.";"-5 к броску, 12 очков ЭР за уровень";;;;
"Magic Shield";"Meta-magic, Protection";"Self-Buff";2;"None";"Self-only";"Indefinite";"Волшебник использует на себе защитные чары, которые нарушают способность его противников воздействовать на него заклинаниями. +5 к сопротивлению чужим заклинаниям.";"Improved Magic Resistance 5 (Sorcery,-15%)";"VoidDragon";24;"Половина уровней (округлить вниз?)";;;;
"Suggestion";"Mind Control";"Resisted";1;"Quick Contest: your IQ vs. your subject’s Will";"Speed/Range Table";"MoS in minutes";"Волшебник повелительным голосом коротко и четко предлагает сделать нечто. Предложение должно быть коротким и четким: объект, субъект, действие и максимум два прилагательных. Объект получает +5 в QC, если приказ ставит угрозу его личной безопасности, и +3, если приказ противоречит его принципам и верованиям.";"Mind Control (Voice-based, -20%; Suggesting, -40%; Sorcery, -15%)";"VoidDragon";13;"-5 заклинателю при QC.";;;;
"Berserk 2";"Mind Control";"Resisted";2;"QC of Wills";"Speed/Range Table";"3 minutes";"Волшебник отнимает у цели возможность различать врагов и друзей и погружает ее в самоубийственную ярость. В боевой ситуации цель бросается на ближайшего человека с целью убить его.";"Affliction 1 (Disadvantage: Berserk (no roll, x2.5, Battle Rage, +50%) [-38]; Delusion: Everyone is out to get me [-15] +53%;  Fixed Duration +0%, Malediction 2 +150%; Sorcery -15%)";"flannan";29;"-5 заклинателю при QC.";;;;
"Possess";"Mind Control";"Resisted";8;"Quick Contest: your IQ vs. the subject’s
Will.";"Touch";"Until you leave body";"Волшебник вступает в битву с волей человека, чье тело он стремится занять. Если он побеждает, то контролирует его тело на расстоянии (собственное тело впадает в транс) так долго, сколько хочет (однако обязан выйти, если носитель теряет сознание или умирает). Волшебник не имеет доступа к памяти носителя.";"Possession (Telecontrol, +50%; Humans Only, -40%; No Memory Access, -10%, Sorcery -15%)";"VoidDragon";85;"-5 заклинателю при QC.";;;;
"Mass Suggestion";"Mind Control";"Resisted";10;"Quick Contest: your IQ vs.
your subject’s Will";"Speed/Range Table";"MoS in minutes";"Как Suggestion, но работает на всех в радиусе 16 ярдов.";"Mind Control (Voice-based, -20%; Suggesting, -40%; Area Effect 4, 16 yards, +200%; Emanation, -20%, Sorcery, -15%)";"VoidDragon";103;"-5 заклинателю при QC.";;;;
"Circle of Oblivion 2";"Mind Control";;5;"Quick Contest: your IQ vs.
your subject’s Will";"Everywhere";"MoS in minutes";"Чародей рисует магический круг радиусом не более двух ярдов (это требует 1d минут подготовки, подходящих условий, инструментов и броска Рисования Символов).Один человек, который указан при начертании круга, забывает о чародее, людях и предметам внутри круга. Круг действует Величину Успеха на броске Рисования Символов минут.";"Mind Control (Specific memory only (caster and few people and objects in the circle he wants to be forgotten), -80%; Long-Ranged 3, +150%; Takes 1d minutes, -25%, Symbol Drawing (magic circle), -20%, Sorcery, -15%) ";"VoidDragon";60;;;;;
"Circle of Oblivion 3";"Mind Control";"Area";3;"None. Use IA (Gaze) to hit.";"2 yards around the caster";"1 hour";"Чародей рисует магический круг радиусом не более двух ярдов (это занимает 4 секунды). Всё, что находится внутри круга, с точки зрения людей снаружи - выпадает из памяти и игнорируется при попытках воспользоваться любыми записями. Заклинание длится 1 час.
Mind Shield, помогающий от магии разума, автоматически защищает от этого заклинания.
Размер круга, скорость рисования, длительность заклинания и возможность активировать круг издали можно менять в зависимости от крутизны кастера";"Zeroed(Cosmic: Affects Memories, +50%, 
Affects Others, +50%, Force Field, +20%, Area Effect, 2 yards, +50%, Ranged, +40%, Melee Attack, Reach 1, cannot parry, -30%, Takes Extra Time, 4 seconds, -20%,
Extended Duration, 1 hour, +100%, Sorcery, -15%)";"flannan";35;;;;;
"Berserk";"Mind Control, Emotion Control";"Resisted";2;"QC of Wills";"Speed/Range Table";"MoS in QC";"Волшебник отнимает у цели возможность различать врагов и друзей и погружает ее в самоубийственную ярость. В боевой ситуации цель бросается на ближайшего человека с целью убить его.";"Affliction 1 (Disadvantage 25; Berserk; Delusion: Everyone is out to get me +25%; Malediction 2 +150%; Based on Will +20%; Sorcery -15%)";"VoidDragon";28;"-5 заклинателю при QC.";;;;
"Drunken Brawl";"Mind Control, Emotion Control";"Resisted";;"QC of Wills";"Speed/Range Table";"MoS in minutes";"Чародей заставляет всех в радиусе 4 ярдов начать драться друг с другом. Для этого они должны быть подвыпимши или пьяны. Это лучший способ начать драку в таверне!";"Affliction 1 (Disadvantage: Berserk, Battle Rage (12) + Bad Temper (12), +25%, Area Effect 2 (4 yards), +100%, Emanation, -20%, Voice-based, +150%, Only on Tipsy or Drunk, -30%, Takes Extra Time, 2 seconds, -10%,Sorcery, -15%)";"Ангон";30;"-5 к броску";;;;
"Magic Request";"Mind Control, Emotion Control";"Resisted";1;"QC of Wills";"-1 per yard";"MoS in minutes";"Чародей смотрит в глаза цели (цель должна его видеть и слышать) и просит о помощи - любой, какую цель в состоянии предоставить. Независимо от сложности просьбы и отношения цели к чародею цель будет полностью добровольно выполнять все просьбы чародея и кого угодно еще на протяжении Величины успеха чародея при состязании Воль минут, после чего одумывается. Чародей не контролирует разум цели, и та помогает так, как считает нужным. То, что чародей применил магию, невозможно увидеть обычным зрением.";"Affliction 1 (Disadvantage:Charitable, нет броска сопротивления,  +37%, Malediction 1, +100%, No Signature, +20%, Hearing-Based, -20%, Vision-Based, -20%, Vision-Based, Reversed, -20%, Sorcery, -15%)";"Ангон";19;"-5 к броску";;;;
"Lecherous Kiss";"Mind Control, Love";"Resisted";1;"Quick Contest: your Sex Appeal vs.
your subject’s Will";"Kiss";"MoS in half-hours";"Чародей целует цель (той же расы, но противополжного пола) и должен выиграть состязание на Сексапильность против Воли жертвы, после чего цель считает чародея красивым и пытается завязать с ним роман на протяжении (Величина успеха *30 минут). Самоконтроль жертвы в лучшем случае равен 1, так что бросать его не нужно. Это заклинание невозможно обнаружить обычными чувствами и только с -4 - сверхъестественными.";"Affliction 1 (Disadvantage -35, Lecherousness, only to sorcerer (6),  + Delusions (Minor, sorcerer is more beautiful/handsome) +35%, Extended Duration, 30× +60%, No Signature, +20%, Low Psychic Signature 2, +10%, Malediction 1, +100%, Kiss (Melee Attack, С, Cannot Parry, -35%, Contact Agent, -30%, Lips to lips, -5%), Only on your race, -20%, Only on opposed sex, -20%, Sorcery, -15%. ";"Ангон";20;"!+5 к броску Воли цели.";;;;
"Wall Walk";"Movement";"Buff";2;"Buff";"Speed/Range Table";"3 minutes";"Волшебник дает цели ходить по стенам. Он может кастовать этот спелл на себя и на других.";"Affliction 1 (Advantage 17; Wall Walk +170%; Fixed Duration +0%; Increased 1/2D x10 +15%; No Signature +20%; Sorcery -15%)";"VoidDragon";29;"1.5 минуты";;;;
"Lockmaster";"Movement";;"2 / 7";"IN+5 or Lockpicking+10";"10 yards";"Momentary";"Маг взламывает один замок, находящийся на расстоянии не более 10 ярдов от него, успешным броском ИН+5 или Взлом+10 после двух секунд концентрации. Второй уровень позволяет взломать все замки в радиусе 10 ярдов.";"Control 10 (Locks, very rare; only Lockpicking, -20%,  Sorcery, -20% (1 FP per second),Takes Extra Time (2 seconds), -10%) Второй уровень добавляет Collective, +100%.";"Ангон";"25/75";"Бросок ИН или Взлома+5, дистанция - 5 ярдов";;;;
"Flying Horse";"Movement, Air, Animal (Horse)";"Buff";"2+";"Will";"Contact";"MoS in minutes";"Чародей касается своего коня и понукает его голосом, и тот получает возможность бежать по воздуху на Величину Успеха броска Воли чародея минут. Конь будет сопротивляться своей Волей, если перед этим не прокинуть Обращение с животными (Лошади).";"Affliction 1 (Advantage: Walk on Air (Magic, -10%), +180%, Malediction 1, +100%, Hearing-Based, -20%, Melee Attack, С, Cannot Parry, -35%, Contact Agent, -30%, Only on horses, -30%, Sorcery, -15%). Второй уровень и далее дает дополнительно Advantage: Enhanced Move, 1 per level, (Magic, -10%, only when Walk on Air, -10%, 1FP per minute, -5%) +150% per level";"Ангон";"25 + 15 за уровень 2+";"Половина времени";;;;
"Magic speed you
on your way";"Movement, Road";"Buff";"2+";"None";"Self";;"Чародей может идти в 6 раз быстрее. Успешный бросок ЗД или Ходьбы+5 увеличит его скорость еще на 20%. Эта скорость применяется только при длительных (час или больше) переходах, но не при беге и не в бою. Также чародей должен идти по дороге - сойдет любая тропинка любого качества, но не простая ровная местность. Люди, не обладающие волшебным зрением, не видят настоящей скорости, с которой движется чародей, и им остается только недоумевать, почему это он их так сильно обгоняет. Второй и следующие уровни заклинания позволят чародею ускорять подобным образом своих спутников - или своего коня, что позволит перемещаться с огромной скоростью.";"Enhanced Move 2,5 (Handling Bonus (to Hiking or HT) 5, +25%, No Signature, +20%, Road-Bound, -50%, Only for Hiking, -30%, Sorcery, -15%). Каждый следующий уровень дает один уровень Affects Others, +50%.";"Ангон";"25 + 25 за уровень";"В 3, а не в 6 раз быстрее, нет бонуса к Ходьбе";;;;
"Warrior's Blessing";"Necromancy";"Self-Buff";2;"None.";"Self only.";"Indefinite";"Волшебник соединяется с духом умершего воина, временно получая его выносливость и скорость рефлексов.";"Warrior's Blessing (Combat Reflexes, 15; High Pain Threshold, 10; Fit, 5; Sorcery, -15%)";"VoidDragon";27;;;;;
"Warrior's Blessing (Buff)";"Necromancy";"Buff";4;"Buff";"Speed/Range Table";"3 minutes";"Волшебник соединяет себя или другого с духом умершего воина, временно получая его выносливость и скорость рефлексов.";"Affliction 1 (Advantage 27; Warrior's Blessing +270%; Fixed Duration +0%; Increased 1/2D x10 +15%; No Signature +20%; Sorcery -15%)";"VoidDragon";39;"1.5 минуты";;;;
"Horde of Cadavers";"Necromancy";"Buff, Summon";3;"Ritual Magic (Necromancy)";"Touch";"Permanent, can be broken";"Чародей призыывает десятерых злобных демонов, способных вселяться в трупы. Это требует сложного некромагического ритуала, занимающего час и приводит к отлучению чародея от церкви на все время Воздействия, а кроме того чародей получает 2 очка Осквернения. Чародей может заставить демонов служить себе или кому-то еще. Будущий хозяин должен присутствовать при ритуале, в завершение которого чародей возлагает руки ему на голову. Также при ритуале требуется капля крови хозяина. Злобные демоны постоянно кружат вокруг своего хозяина, но могут быть изгнаны броском Экзорцизма: ритуал занимает 1 минуту, и изгоняющий получает штраф -1 за ярд до хозяина демонов, который сопротивляется броском Воли, если хочет. Успех экзорциста в состязании разрушает связь демонов с их хозяином - все не вселившиеся демоны сразу отправляются в Пекло, вселившиеся остаются до тех пор, пока трупы не будут упокоены, после чего отправляются туда же. Кроме того, демонов можно изгнать Экзорцизмом и из нежити - по обычным правилам, но изгнанный демон отправляется в Пекло, а не возвращается к хозяину. После смерти цели демоны сразу покидают мир людей, а трупы упокаиваются. Чародей не может призывать из Пекла в мир людей больше десяти демонов единовременно - одним или несколькими заклинаниями, но при сотворении заклинания чародей может уменьшить количество вызываемых демонов или время работы заклинания. Для вселения демону необходим человеческий труп, над которым некромант провел успешный некромагический ритуал продолжительностью в минуту. Демон вселяется при успехе на броске Вселения (навык демона 15), при провале демон не может вселяться в трупы на протяжении 1 дня.  Демон, изгнанный из упокоенного трупа и вернувшийся к хозяину также не может вселяться в новый труп на протяжении 1 дня.";"Affliction 1 (Advantage 20: Ally (до 25%, 1 очко, Почти всегда (бросок 15 или меньше): ×3, группа союзников, 10, ×6, Minion, Рабский менталитет, +0%, Summonable, +100%, Нужен труп человека, -30%, Immediate Preparation Required, 1 minute, -30%, Sympathy, ваша смерть убивает союзников, -10%, Magic, -10%, Requires Ritual Magic (Necromancy) Roll, -10%), +200%, Malediction 1, +100%, Extended Duration, Постоянно (демоны могут быть изгнаны Экзорцизмом) + 150%, Variable, +5%, Corrupting, -20%, Excommunicated, -10%, Immediate Preparation Required, 1 hour, -75%, Requires Ritual Magic (Necromancy) Roll, -5%, Melee Attack, С, Cannot Parry, -35%, Contact Agent, -30%, Trigger, капля крови цели, -15%, Sorcery, -15%)";"Ангон";35;"-5 к броску";;;;
"Чёрное пламя";"Necromancy, Fire";"Missile, leveled";"varies";"Innate Attack (Projectile) to hit";"ranged";"instant; effects last until injuries are healed";"Пламя чёрного цвета, от которого умирают даже бессмертные. Нанесённые им раны невозможно залечить магией, технологией или другими неестественными способами - только бросая HT на естественное восстановление. Если бессмертный потерял 2/3 своих HP от этого пламени - его бессмертие перестаёт работать и его можно убить окончательно. В руках неопытных чародеев обжигает душу, требуя очков персонажа на каждое применение! (зато позволяя покупать неминуемую смерть всего по 1 очку персонажа на куб!)";"IA burn (Affects Insubstantial, +20%, No Incendiary Effect, -10%, Cosmic, Unhealing wounds (natural healing only), +100%, Symptom (at ⅔ HP lost): Negated Advantage, Unkillable 3 and Supernatural Durability, +300%, Sorcery, -15%)";"flannan";"24.75/level";"половинные повреждения";;;;
"Vines";"Plant";"Missile";"1+";"None. Use IA (Projectile) to hit";"100 yards";"until broken";"This spell creates a seed which you throw at the enemy. The seed flourishes on the way into a tangle of vines that ensnare the enemy. Once hit, the target is pinned  (p.B370) and rooted in place. He cannot move his limbs or speak. His only options are to use purely mental abilities, to attack the Binding with an Innate Attack or to try to break free. The ST of this attack is equal to its level, but you can  layer additional attacks on a successfully bound victim. Each extra layer gives +1 to ST.
To break free, the victim must win a Quick Contest of ST against the ST of your binding. External attacks on the vines take no penalty, but risk hitting the victim on a miss (see Striking Into a Close Combat, p.B392). The binding has DR equal to 1/3 its level (round down). Each point of damage reduces ST by one. At ST 0, the vines are destroyed and the victim is freed.";"Binding (Engulfing, +100%; Persistent, +40%; Sorcery, -15%)";"Anders
(edited)";"4.5 points/level";"Half levels.";;;;
"Vines 2";"Plant";"Binding ";"5 / 8 / 11";"Naturalist. Use IA (Gaze) to hit.";"Speed/Range Table";"until broken, +10 секунд до этого на 2+ уровне";"Это заклинание создает несколько лоз, которые опутывают врага. При попадании ваша жертва захвачена(с.Б370) и удерживается на месте. Она не способна пошевелить конечностями или заговорить; единственно возможные для нее действия - использование чисто ментальных способностей, разрушение Сковывания Природной атакой или попытка освободиться с помощью СЛ: выиграть Быстрое состязание СЛ против СЛ Сковывания, которая равна 15. Можно дополнительно сковывать успешно удерживаемую жертву. Каждая дополнительная успешная атака дает +1 к СЛ. Кроме того, лозы сдавливают жертву – каждый ход проводится Атака сдавлением (с.Б43) с СЛ 15. При провале попытки освобождения жертва теряет 1ЕУ, новая попытка позволяется раз в 10 секунд - а при броске на 17 или 18 жертва настолько запутывается, что уже не способна освободиться самостоятельно! Внешние атаки по Сковыванию рискуют попасть по жертве в случае промаха (Удары при бое вплотную, с.Б392). СП Сковывания равно 5. Каждое очко повреждений уменьшает СЛ на единицу. При СЛ 0 Опутывание разрушено и жертва освобождена. Второй уровень заклинания позволяет лозам разрастись по области радиусом 2 ярда и опутывать всех, кто попадет в эту область, на протяжении 10 секунд. Третий уровень позволяет расширять радиус области вплоть до 8 ярдов.";"Binding 15 (Engulfing, +60%, Overhead (из-под земли), +30%, Constricting, +75%, Environmental, victim must be standing in dense vegetation, -40%, Sorcery, -15%, Requires Naturalist Roll, -10%) Второй уровень добавляет (Area Effect, 2 yards, +50%, Persistent, +40% и Selectivity, +10%), третий расширяет Area Effect до 8 yards, +100%.";"Ангон";"60 / 90 / 120";"У Сковывания СЛ7, СП2";;;;
"Power of Woods";"Plant, Healing";"Self-Buff";"2 / 5 / 8";"Meditation";"Self";;"Чародей уходит в глубины лесов, что бы излечить свои раны и восстановить силы. Это возможно, только если у чародея есть недостатки, связанные с защитой природы, на -10 или больше очков. Чародей совершает ритуал продолжительностью в одну минуту, во время которого он должен использовать жесты и произносить заклинания, а потом погружается в медитацию (требуется бросок навыка). В этом состоянии чародей находится в Тотальной Концентрации, и восстанавливает по 1 ЕЖ в минуту. Если ЕЖ восстановлены полностью, чародей восстанавливает ЕУ с той же скоростью. Второй уровень позволяет восстанавливать по 1 ЕЖ в секунду, третий - по 10 ЕЖ в секунду.";"Regeneration, Fast (Fatigue Recovery, +100%, Environmental, in dense vegetation only, -40%, Sorcery (необходимы слова и жесты, нельзя тратить ЕУ), -30%, Immediate Preparation Required, 1 minute, -30%, Requires Meditation Roll, -5%, All-Out Concentrate, -25%, нужно не менее -10 очков недостатков, связанных с защитой природы, -10%). Второй уровень дает Very Fast Regeneration, третий - Extreme Regeneration.";"Ангон";"30/60/90";"Регенерация в два раза медленнее";;;;
"Instant Armor";"Protection";"Blocking";1;"3+BS+(Talent/2) to defend.";"Self only";"Instant";"Волшебник призывает броню в момент, когда меч противника уже готов пронзить его тело. Если волшебник пробрасывает 3+BS+(Talent/2), то получает 5 DR жесткой брони только на защиту против следующего удара.";"Damage Resistance 5 (Active Defence -40%; Sorcery -15%). Requires Accelerating Casting (P3-82).";"VoidDragon";12;"-5 к броску активной защиты.";;;;
"Protection Aura";"Protection";"Buff";"1+";"Buff";"Contact";"30 minutes";"Волшебник может прикоснуться к цели и создать вокруг ярко святящуюся упругую ауру. Однако, эта аура плохо защищает против крушащих атак и быстро слабеет от повреждений.";"Affliction 1 (DR 1, Ablative, Force Field, Flaxibility: +10%; Extended Duration, +40%; Malediction, +100%; Fixed Duration +0%; Contact Agent, -30%; Sorcery -15%; Nuisance Effect (very bright) -5%)";"Dd";"20 + 1 за каждый доп. DR+1";;;;;
"Immune to Weapons";"Protection";"Self-Buff";"1+";"None";"Self only";;"Чародей получает броню (1СП за уровень), защищающую его от оружия. Она не помогает от тупой травмы и от яда на оружии, а также от всего, что оружием не является. Чародей тратит 1ЕУ в начале и 1 в конце каждой минуты действия заклинания.";"DR (Limited, Weapons Only, -20%, Tough Skin, -40%, Sorcery -15%, 1FP per minute, -5%)";"Ангон";"2/level";"1СП за 2 уровня.";;;;
"Immune to Weapons (Buff)";"Protection";"Buff";"1+";"Buff";"-1 per yard";"3 minutes";"Чародей дает цели броню (1СП за уровень), защищающую от оружия. Она не помогает от тупой травмы и от яда на оружии, а также от всего, что оружием не является. Цель тратит 2ЕУ каждую минуту.";"Affliction 1 (Advantage: DR (Limited, Weapons Only, -20%, Tough Skin, -40%, Magery -10%, 2FP per minute, -10%), +10% per level, Malediction 1, +100%, Fixed Duration +0%, Sorcery, -15%.";"Ангон";"19+1/level";"1СП за 2 уровня, -2 за ярд.";;;;
"Shield of Hope";"Protection, Force, Air";"Buff";7;"Buff";"Speed/Range Table";"3 minutes";"Колдун создает защитное поле вокруг цели, которое поглощает 30 урона. Требует 2фп вместо одного";"Affliction 1 (Advantage: DR 30 (ForceField, +20%; Ablative; -80%, Magic, -10%) [45] +450%; Fixed Duration +0%; Increased 1/2D x10 +15%; No Signature +20%; Sorcery -15%; Costs 1 additional FP -5%)";"Correlion";57;"Защита 15 вместо 30ти";;;;
"Out of Body";"Spirits";"Self-Buff";2;"None";"Self only";"Various";"Чародей выходит из тела. Его душа и сознание могут перемещаться, подобно призраку, оставаясь невидимыми для обычного взора, пока тело лежит без сознания. Из тела можно выходить только ночью, если задержаться до рассвета, то весь день обратно в тело войти будет нельзя.";"Insubstantiality (Projection, -50%) + Invisibility (Only on the astral plane, -30%, Substantial Only, -10%): (Only at night, -20%, Sorcery, -15%, Только один раз в день на любое время, -5%).";"Ангон";24;;;;;
"Ghostly dodge";"Spirits";"Blocking";"5-11";"3+BS+(Talent/2) to defend.";"Self only";"Instant";"Заклинание позволяет колдуну уйти в призрачный мир для того, чтобы избежать физической атаки.  Дополнительные уровни повышают допустимый уровень нагрузки(1й уровень -нет нагрузки, 2й - низкая, 3й -средняя, 4й - тяжелая)";"Insubstantiality ( Can carry objects(no enc), +10% ; Sorcery, -15%; Active defence, -40%). Requires Accelerating Casting (P3-82).";"Correlion";"44/60/84/116";"понизить на 1 лвл";;;;
"Cold Snap";"Water (Ice)";"Obvious";;"None. Use Innate Attack (Beam) to hit.";"100 yards.";"Instantaneous.";"Freezes the victim in ice. Treat FP lost to failed attempts to break free as freezing, but the victim doesn’t become helplessly entangled on 17-18. This trade-off is a special effect.";"Binding (Engulfing, +60%; Sorcery, -15%)";"zoncxs";"2.9 points/level.";;;;;
"Freeze field";"Water (Ice)";"Area, Obvious";;"None";"Various";"Instantaneous.";"A burst of frost that freezes everyone within its area of effect. Treat FP lost to failed attempts to break free as freezing, but the victim doesn’t become helplessly entangled on 17-18. This trade-off is a special effect. The level of the area of effect can not exceed 1/5 the level of the spell. thus level 10 of this spell can allow 2 addition levels of area of effect. each level of Area of effect adds +1pts per level.";"Binding (Engulfing, +60%; Emanation, -20%; Area Effect, +50% Sorcery, -15%)";"zoncxs";"3.5/level, add more levels of area of effect for 1/level.";;;;;
"Glacier field";"Water (Ice)";"Wall, Obvious";;"None. Use Innate Attack (beam) to hit.";"Various";"Various";"Create a wall of ice. Its Dimensions, strength, duration, and the distance at which you can cast it varies. A level 1 version of this spell allows you to create a 6 yards long by 1 yard wide with a height of 4 yards at up to a distance of 10 yards that lasts for 10 seconds. you can freely choose the form the wall can take. a max level one allows you to create a 48 yards long by 1 yard wide with a height of 4 yards at up to a distance of 100 yards that lasts for 5 minutes. Each yard of wall has DR 3 and 1/2 HP per Level (round up); e.g., a level 8 Glacier field produces a wall with DR 24 and 4 HP. The wall does no damage itself, but those who crash into it take crushing damage.

Each increase in dimensions adds 2.5pts per level, max 3 levels.
Each increase in durations adds 1pts per level, max 3 levels. 
Each increase in distance adds 0.5pts per level, max 3 levels.";"Crushing Attack (Area effect, 2 yards, +50%; Increased 1/2D, 10¥, +15%; Persistent, +40%; Reduced Range, -30%; Wall, +60%; Sorcery, -15%) ";"zoncxs";"11 points/level. + various";;;;;
"Tundra Armor";"Water (Ice)";"Obvious";;"None";"None.";"Indefinite";"You can manifest a suit of plate armor made of a semi-translucent ice that constantly forms around you as you get hit. each level 1 provides DR 3 with semi-ablative that regenerates 1 point per second.";"Level 1 is DR 3 (Magic, -10%; Visible, -10%; Forcefield, +20%; Semi-ablative, -20%) [12/level]. + Regeneration (very fast; DR only, -40%; Sorcery, -15%)";"zoncxs";"57 points for level 1+ 12/level";;;;;
"Calm Nature's Fury";"Weather";"Area (Fixed)";;"IQ";"none.";"Indefinite";"Allows you to calm the weather within a 0.1 mile radius, reducing penalties by -1 per level of this power. It can not give a bonus, only a reduction.";"Control Weather 1 (Common; Natural Phenomenon, +100%; Only to reduce potency, -80%; Sorcery, ‑15%; Persistent, +40%) [29] + Control Weather 2 (Common; Natural Phenomenon, +100%; Only to reduce potency, -80%; Sorcery, ‑15%; Persistent, +40%;Does not increase area, -50%) [19] each additional level is Control Weather 3 (Common; Natural Phenomenon, +100%; Only to reduce potency, -80%; Sorcery, ‑15%; Persistent, +40%;Does not increase area, -50%)";"zoncxs";"67 points for level 1 + 57 per additional level";;;;;
"Lightning Storm";"Weather (Lightning)";"Area (Fixed), Obvious";1;"None. Use Attack Maneuver.";"None.";"Instantaneous";"You call forth a small storm cloud that shoots out lighting from overhead down onto the area around you. Anyone within the area (4 yard radius centered on you) may get hit. Metallic armor counts as DR 1 against this attack, but nonmetallic armor protects normally. Targets stuck by this attack must make an HT roll, at -1 per 2 points of penetrating damage, or be physically stunned. On subsequent turns, they can roll HT to recover. Lightning behaves unpredictably around conductors. The Storm last 10 seconds.";"Burning Attack 1d (Area Effect, 4 yards, +100%; Bombardment, skill 12, -10%; Environmental, Air, -5%; Emanation, -20%; Nuisance Effect, Exploitable hole in center and Behaves erratically around conductors, -10%; Overhead, +30%; Persistent, +40%; Side Effect, Stunning, +50%; Surge, Arcing, +100%; Sorcery, -15%)";"zoncxs";"18 per level";;;;;
"Bliss of the Woods";;"Buff";;"None";"Contact";"5 hours (on average)";"The spell can only be cast in an area where the sorcerer is surrounded on all sides by natural vegetation. The sorcerer touches the individual's forehead and then pulls the tip of his finger down between the eyes to where the nose be-gins. The finger and the forehead starts to shimmer with a pleasant green glow that soon fades. The subject is filled with a wonderful sense of calm. All conflicting emotions, all stress, all doubts, all terrible experiences fade away.

The effect of the spell lasts for a few hours depending on what the person does. It will remain longer if a person rests than if they immediately starts doing something stressful.";"Statistics: Affliction 1 (Grants Advantage: Blissful calm, +230%; Environmental, -10%; Extended Duration x300, +100%; Fixed Duration, +0%; No Signature, +20%; Sor-cery, -25%) [42]. Blissful Calm is Will +5 (To withstand stress only, -10%) [23]. This grants a bonus to the skills Autohypnosis, Meditation, and Mental Strength, no other.";"Anders";"42 per level";;;;;
"Id Summoning";"Creation";"Summon";4;"none.";"1 yard";"indefinite";"Заклинатель выносит мрачную и животную часть своей души наружу, в виде страшного зверя. После этого и заклинатель, и зверь находятся под управлением игрока (но заклинатель не очень полезен, если у него нет другого слота сорцери).
Каждый человек уникален, поэтому игрок может создать такого зверя, который хорошо (по его мнению) отражает суть персонажа.
Учтите, что у заклинателя и зверя одни и те же навыки! (но зверь в норме тупее)
По умолчанию, когда вы отсуммониваете такого суммона, вы получаете половину его ран (в пропорции по сравнению с вашими хитпоинтами… это сложный рассчёт). Точнее, у вас будет (текущие_HP_суммона * макс_HP_суммонера / макс_HP_суммона + текущие_HP_суммонера)/2. То же касается и FP. А когда высуммониваете, суммон настолько же ранен, как и вы (пропорционально).";"Duplication(link: alternate form, +10%, Sorcery, -15%); 
Alternate form (awesome beastie, dupe only, -20%, link: Duplication, +10%, magical, -10%)
Можно улучшить, совершенствуя форму зверя.
Можно навесить Reduced Time 4, +80% на альтернативной форме, за +12 очков, чтобы появлялся за 1 секунду";"flannan";"46
+12 за быстрое появление";;;;;
"Superego Summoning";"Creation";"Summon";4;"none.";"1 yard";"indefinite";"Заклинатель выносит отвечающую за моральные установки часть своей души наружу, в виде вооружённого гуманоида. После этого и заклинатель, и суперэго находятся под управлением игрока (но заклинатель не очень полезен, если у него нет другого слота сорцери).
У заклинателя и суперэго отдельный инвентарь (суперэго не будет носить больше, чем Среднюю нагрузку, когда исчезает), и его нужно заполнять за средства заклинателя, зато это хороший способ что-то спрятать! (если конечно суперэго с этим согласится - у него зачастую есть Honesty)
Обычно суперэго должно выглядеть как какой-нибудь ангел, но игрок опять-таки может создать такого гуманоида, какого посчитает нужным.
По умолчанию, когда вы отсуммониваете такого суммона, вы получаете половину его ран (в пропорции по сравнению с вашими хитпоинтами… это сложный рассчёт). Точнее, у вас будет (текущие_HP_суммона * макс_HP_суммонера / макс_HP_суммона + текущие_HP_суммонера)/2. То же касается и FP. А когда высуммониваете, суммон настолько же ранен, как и вы (пропорционально).";"Duplication(link: alternate form, +10%, Sorcery, -15%); 
Alternate form (awesome humanoid, dupe only, -20%, link: Duplication, +10%, magical, -10%)
Можно улучшить, совершенствуя форму гуманоида.
Можно навесить Reduced Time 4, +80% на альтернативной форме, за +12 очков, чтобы появлялся за 1 секунду";"flannan";"48
+12 за быстрое появление";;;;;
"Spatial Blow 1";"Sword 
technique";"Cone";0;"@Sword Skill@ roll +4 за атаку в клетку to hit";"Speed/Range Table + Cone to 10 yard's";"Instant";"Мечник наносит удар рассекающий само пространство. Все находящиеся в области на пути удара получают режущий урон зависящий от уровня умения. 
1 уровень: sw+1d cut, 1/2Д 10, Max 10, Wide 10, Точ 4, Сс 1, Бзс н/о, Отдч 1
2 уровень: sw+2d cut, 1/2Д 10, Max 10, Wide 10, Точ 4, Сс 1, Бзс н/о, Отдч 1
3 уровень: sw+3d cut, 1/2Д 10, Max 10, Wide 10, Точ 4, Сс 1, Бзс н/о, Отдч 1
и далее за каждый уровень +1d урона.";"Innate Attack (ST-Based, Swing, +100%; Cone (wide 10 yard's), +150%; Accurate 1, +5%;Reduced Range 10, -30%;Increased 1/2D Range x10, +30%; No Signature, +20%; based on @sword skill@, +0%; Accessibility (requires a ready swing-capable sword, -10%)";"Freelancer";"18,55 per lvl";;;;;
"Wind Blade 1";"Sword 
technique";"Jet";0;"@Sword Skill@ roll";"to 20 yard's long";"Instant";"Мечник наносит удар влияющий на давление и потоки воздуха порождая почти незаметную ударную воздушную волну способную нанести режущий урон на расстоянии. 
Более высокие уровни создают более мощные порывы воздуха тем самым нанося больше повреждений:
1 уровень: sw+1d cut
2 уровень: sw+2d cut
3 уровень: sw+3d cut
и далее за каждый уровень +1d урона.
";"Innate Attack (ST-Based, Swing, +100%; Jet, +0%; Increased Range 1/2D, +5%; Increased Range, +10%; No Signature, +20%; based on @sword skill@, +0%; Accessibility (requires a ready swing-capable sword, -10%)";"Freelancer";"15,75 per lvl";;;;;
"Absolute Enslave";"Mind Control";"Resisted";0;"QC: your IQ+10 vs. your subject’s Will";"20 yard's";"12 hours";"Цель излучает некие флюиды подавляющие волю Все попавшие в область действия силы и получившие прямое указание от ее 
владельца порабощаються на ближайшие 12 часов и испольняют абсолютно любые приказы хозяина.
(Внимание!!! способность работает постоянно и неправильно сформулированная фраза может быть воспринята как приказ к действию
что может привести к плачевным последствиям. 
Пример: ""Fuck you John"" будет буквально воспринят как ""поимей себя"", а не как ""пошел ты"" и Джон сделает все возможное для 
совокупления с самим собой)";"Контроль разума (Обработка, +50%, Надежность 10, +50%, Неизменное время, +0%, Увеличенная продолжительность (в 240 раз), +100%, Область действия, 20 ярдов,+220%, Излучение, -20%, Требует приказ, -20%, Всегда включено, -20%, No Rule of 16, +50%)";"Freelancer";255;;;;;
;;;;;;;"Инвертирует все черты характера индивидуума";;;;;;;;
